,cord_1_x,cord_1_y,city_1,cord_2_x,cord_2_y,city_2,dist
0,-6498.45,2309.87,"Texarkana, TX",-6709.88,3102.4,"Watertown, SD",820.2477953643036
1,-6188.88,3076.14,"Stevens Point, WI",-6231.74,2668.46,"Saint Louis, MO",409.9267763881738
2,-5320.37,2850.2,"Williamsport, PA",-6068.67,2926.89,"Waukegan, IL",752.2195464756285
3,-8326.72,3219.84,"Yakima, WA",-5754.27,2130.2,"Valdosta, GA",2793.7097795046634
4,-5400.52,2707.84,"Winchester, VA",-5509.0,2756.92,"Uniontown, PA",119.0661866358367
5,-4976.25,3069.21,"Saint Johnsbury, VT",-6711.93,2179.95,"Waco, TX",1950.222656518994
6,-6683.62,3008.43,"Sioux Falls, SD",-5523.51,2575.2,"Roanoke, VA",1238.3632120666373
8,-8278.33,2730.66,"Reno, NV",-7909.38,2940.71,"Twin Falls, ID",424.55282945706523
9,-6012.69,2240.06,"Selma, AL",-6805.21,2342.34,"Wichita Falls, TX",799.0927035081729
10,-8459.38,3264.08,"Tacoma, WA",-6584.82,2235.23,"Tyler, TX",2138.342235494589
11,-5772.25,2877.83,"Toledo, OH",-5109.61,2958.66,"Schenectady, NY",667.5516897589282
12,-7159.69,3326.96,"Williston, ND",-6729.21,2962.82,"Yankton, SD",563.8359424513477
13,-8112.52,3293.77,"Spokane, WA",-6231.74,2668.46,"Saint Louis, MO",1982.0055510769898
14,-6432.79,3105.85,"Saint Paul, MN",-6675.33,2324.36,"Sherman, TX",818.2617378931999
15,-5685.17,2603.52,"Williamson, WV",-6012.69,2240.06,"Selma, AL",489.25711236526723
16,-6050.69,2294.65,"Tuscaloosa, AL",-6744.43,2683.68,"Salina, KS",795.373829403508
17,-6711.93,2179.95,"Waco, TX",-5696.92,1931.22,"Tampa, FL",1045.0415843400685
18,-6039.65,2727.21,"Terre Haute, IN",-5320.37,2850.2,"Williamsport, PA",729.7193011699769
19,-8405.49,2533.72,"Salinas, CA",-5618.84,2065.25,"Saint Augustine, FL",2825.753415179746
20,-6441.79,2674.67,"Sedalia, MO",-5223.61,2651.18,"Salisbury, MD",1218.4064561959613
21,-6388.57,3041.59,"Rochester, MN",-6506.72,3148.67,"Saint Cloud, MN",159.45390838734596
22,-6231.74,2668.46,"Saint Louis, MO",-8500.82,3105.14,"Salem, OR",2310.7170897364304
23,-6709.88,3102.4,"Watertown, SD",-5320.37,2850.2,"Williamsport, PA",1412.2120521012419
24,-5041.91,3013.26,"Rutland, VT",-7221.19,2568.27,"Trinidad, CO",2224.247607282067
25,-6683.62,3008.43,"Sioux Falls, SD",-6805.21,2342.34,"Wichita Falls, TX",677.0967554197846
26,-7730.4,2816.32,"Salt Lake City, UT",-5790.89,2758.28,"Springfield, OH",1940.378231608466
27,-6805.92,2032.79,"San Antonio, TX",-7221.19,2568.27,"Trinidad, CO",677.6341220009509
28,-5166.26,2779.7,"Trenton, NJ",-6477.72,2246.28,"Shreveport, LA",1415.7910255401393
29,-5577.4,2768.64,"Wheeling, WV",-5975.39,2908.91,"Saint Joseph, MI",421.9854416920097
30,-5828.2,3212.26,"Sault Sainte Marie, MI",-5261.63,2974.55,"Syracuse, NY",614.4164784574057
31,-7744.91,2678.84,"Richfield, UT",-6709.88,3102.4,"Watertown, SD",1118.3426015761
32,-6709.88,3102.4,"Watertown, SD",-5509.0,2756.92,"Uniontown, PA",1249.5876138950803
33,-5195.3,2832.23,"Stroudsburg, PA",-5041.91,3013.26,"Rutland, VT",237.27695421174005
34,-5570.49,2788.7,"Steubenville, OH",-5220.18,2746.55,"Wilmington, DE",352.8366741142417
35,-6610.36,2698.17,"Topeka, KS",-5375.64,2483.28,"Rocky Mount, NC",1253.280172387642
36,-5975.39,2908.91,"Saint Joseph, MI",-5577.4,2768.64,"Wheeling, WV",421.9854416920097
37,-8278.33,2730.66,"Reno, NV",-8094.56,2260.1,"San Diego, CA",505.1713832948179
38,-6050.69,2294.65,"Tuscaloosa, AL",-5702.45,1889.08,"Sarasota, FL",534.5634878103816
39,-6680.17,2434.22,"Seminole, OK",-5690.01,2157.15,"Waycross, GA",1028.1948310023736
40,-5015.64,2908.91,"Springfield, MA",-5570.49,2788.7,"Steubenville, OH",567.7226141347545
41,-5220.18,2746.55,"Wilmington, DE",-8326.72,3219.84,"Yakima, WA",3142.386703717414
42,-8270.73,2378.25,"Santa Barbara, CA",-5484.79,3016.03,"Toronto, ON",2858.010673877898
43,-5823.36,2103.96,"Tallahassee, FL",-8326.72,3219.84,"Yakima, WA",2740.802704318572
44,-6432.79,3105.85,"Saint Paul, MN",-7744.91,2678.84,"Richfield, UT",1379.853772868705
45,-5689.32,2252.5,"Swainsboro, GA",-5109.61,2958.66,"Schenectady, NY",913.6332030415706
46,-7667.55,2226.26,"Tucson, AZ",-5322.42,2687.11,"Washington, DC",2389.982727845538
47,-5351.44,2593.85,"Richmond, VA",-7159.69,3326.96,"Williston, ND",1951.2094543128885
48,-7222.55,2307.8,"Roswell, NM",-5959.5,2879.91,"South Bend, IN",1386.5803815862967
49,-6380.27,2936.57,"Waterloo, IA",-7159.69,3326.96,"Williston, ND",871.7223689340537
51,-5468.21,2891.63,"Warren, PA",-5047.44,2870.91,"Waterbury, CT",421.2798491501823
52,-8405.49,2533.72,"Salinas, CA",-5702.45,1889.08,"Sarasota, FL",2778.84615824626
53,-6610.36,2698.17,"Topeka, KS",-8507.06,3404.34,"Vancouver, BC",2023.894008810738
54,-7667.55,2226.26,"Tucson, AZ",-8105.59,2356.85,"San Bernardino, CA",457.0916644394206
55,-5618.84,2065.25,"Saint Augustine, FL",-5246.43,2786.63,"Reading, PA",811.8363828383156
56,-5754.27,2130.2,"Valdosta, GA",-5602.95,2216.59,"Savannah, GA",174.24400850531487
57,-7132.05,2806.65,"Sterling, CO",-7159.69,3326.96,"Williston, ND",521.0436312824482
58,-5823.36,2103.96,"Tallahassee, FL",-5690.01,2157.15,"Waycross, GA",143.56670435724246
59,-7909.38,2940.71,"Twin Falls, ID",-8144.31,2332.65,"Santa Ana, CA",651.8658362730786
60,-5689.32,2252.5,"Swainsboro, GA",-4976.25,3069.21,"Saint Johnsbury, VT",1084.1974215981145
61,-8112.52,3293.77,"Spokane, WA",-6680.17,2434.22,"Seminole, OK",1670.4648230357925
62,-6231.74,2668.46,"Saint Louis, MO",-5916.64,3092.7,"Traverse City, MI",528.4577443845435
63,-6445.93,2571.74,"Springfield, MO",-7667.55,2226.26,"Tucson, AZ",1269.5321401209185
64,-5570.49,2788.7,"Steubenville, OH",-6388.57,3041.59,"Rochester, MN",856.2757958158107
65,-5551.82,2343.71,"Sumter, SC",-8326.72,3219.84,"Yakima, WA",2909.9267665870902
66,-5320.37,2850.2,"Williamsport, PA",-8278.33,2730.66,"Reno, NV",2960.37449880923
67,-5544.93,2494.33,"Winston-Salem, NC",-8507.06,3404.34,"Vancouver, BC",3098.763033373155
68,-7230.86,3483.78,"Regina, SA",-5577.4,2768.64,"Wheeling, WV",1801.486938947935
69,-5047.44,2870.91,"Waterbury, CT",-6680.17,2434.22,"Seminole, OK",1690.1199392350834
70,-7730.4,2816.32,"Salt Lake City, UT",-8458.67,2610.42,"San Francisco, CA",756.8170207520445
71,-5916.64,3092.7,"Traverse City, MI",-6193.72,3106.52,"Wausau, WI",277.4244380006923
72,-6725.75,2604.2,"Wichita, KS",-6584.82,2235.23,"Tyler, TX",394.96851241586324
73,-7230.86,3483.78,"Regina, SA",-8105.59,2356.85,"San Bernardino, CA",1426.5776522152594
74,-5689.32,2252.5,"Swainsboro, GA",-5015.64,2908.91,"Springfield, MA",940.5949343367733
75,-8459.38,3264.08,"Tacoma, WA",-5400.52,2707.84,"Winchester, VA",3109.0235504415195
76,-5383.92,2365.84,"Wilmington, NC",-5790.89,2758.28,"Springfield, OH",565.361596237311
77,-6194.43,2749.99,"Springfield, IL",-8144.31,2332.65,"Santa Ana, CA",1994.0422989495482
78,-5246.43,2786.63,"Reading, PA",-5228.45,2861.23,"Scranton, PA",76.73617399896872
79,-5166.26,2779.7,"Trenton, NJ",-5523.51,2575.2,"Roanoke, VA",411.6403922114544
80,-6660.11,2935.87,"Sioux City, IA",-6610.36,2698.17,"Topeka, KS",242.85047354287764
81,-8144.31,2332.65,"Santa Ana, CA",-5463.38,2636.0,"Staunton, VA",2698.0375993302987
82,-8144.31,2332.65,"Santa Ana, CA",-5228.45,2861.23,"Scranton, PA",2963.382586842273
83,-5383.92,2365.84,"Wilmington, NC",-8105.59,2356.85,"San Bernardino, CA",2721.68484747959
84,-5916.64,3092.7,"Traverse City, MI",-6772.07,3241.95,"Valley City, ND",868.3524902941195
85,-6709.88,3102.4,"Watertown, SD",-7222.55,2307.8,"Roswell, NM",945.6318992610179
86,-6432.79,3105.85,"Saint Paul, MN",-5531.11,1846.22,"West Palm Beach, FL",1549.0947547842256
87,-6441.79,2674.67,"Sedalia, MO",-5223.61,2651.18,"Salisbury, MD",1218.4064561959613
88,-7909.38,2940.71,"Twin Falls, ID",-5351.44,2593.85,"Richmond, VA",2581.350209328444
89,-8456.6,2861.92,"Weed, CA",-5689.32,2252.5,"Swainsboro, GA",2833.589831785822
90,-6711.93,2179.95,"Waco, TX",-7222.55,2307.8,"Roswell, NM",526.3823770796283
91,-6626.97,2498.48,"Tulsa, OK",-7320.67,2465.33,"Santa Fe, NM",694.4916216197282
92,-6709.88,3102.4,"Watertown, SD",-5772.25,2877.83,"Toledo, OH",964.1481741931581
93,-5400.52,2707.84,"Winchester, VA",-6729.21,2962.82,"Yankton, SD",1352.9345573604064
94,-5690.01,2157.15,"Waycross, GA",-6388.57,3041.59,"Rochester, MN",1127.0404549970685
95,-8459.38,3264.08,"Tacoma, WA",-7744.91,2678.84,"Richfield, UT",923.5655030911445
96,-6129.46,2367.2,"Tupelo, MS",-8394.41,2666.4,"Sacramento, CA",2284.6266965305294
97,-5041.91,3013.26,"Rutland, VT",-8105.59,2356.85,"San Bernardino, CA",3133.2106904100788
98,-6709.88,3102.4,"Watertown, SD",-5223.61,2651.18,"Salisbury, MD",1553.2540041152322
99,-5109.61,2958.66,"Schenectady, NY",-8507.06,3404.34,"Vancouver, BC",3426.557626087733
100,-6193.72,3106.52,"Wausau, WI",-6194.43,2749.99,"Springfield, IL",356.5307069524309
101,-5322.42,2687.11,"Washington, DC",-8456.6,2861.92,"Weed, CA",3139.051259297943
102,-5790.89,2758.28,"Springfield, OH",-5702.45,1889.08,"Sarasota, FL",873.6877437620379
103,-6610.36,2698.17,"Topeka, KS",-5618.84,2065.25,"Saint Augustine, FL",1176.3076284713957
104,-6553.01,2747.93,"Saint Joseph, MO",-5702.45,1889.08,"Sarasota, FL",1208.7496167941486
105,-8270.73,2378.25,"Santa Barbara, CA",-6050.69,2294.65,"Tuscaloosa, AL",2221.6135041001166
106,-7909.38,2940.71,"Twin Falls, ID",-7320.67,2465.33,"Santa Fe, NM",756.6806515961672
107,-6178.52,3153.51,"Rhinelander, WI",-6744.43,2683.68,"Salina, KS",735.523185902389
108,-8458.67,2610.42,"San Francisco, CA",-7132.05,2806.65,"Sterling, CO",1341.0543752212286
109,-5602.95,2216.59,"Savannah, GA",-7230.86,3483.78,"Regina, SA",2062.9739368688106
110,-8479.42,2656.02,"Santa Rosa, CA",-8144.31,2332.65,"Santa Ana, CA",465.68967027409974
111,-6680.17,2434.22,"Seminole, OK",-7909.38,2940.71,"Twin Falls, ID",1329.4695724987466
112,-5351.44,2593.85,"Richmond, VA",-6445.93,2571.74,"Springfield, MO",1094.713301371643
113,-8313.57,3276.5,"Wenatchee, WA",-6610.36,2698.17,"Topeka, KS",1798.7189588704512
114,-6068.67,2926.89,"Waukegan, IL",-4961.07,2920.67,"Worcester, MA",1107.6174648316091
115,-5195.3,2832.23,"Stroudsburg, PA",-7230.86,3483.78,"Regina, SA",2137.2931282582645
116,-8326.72,3219.84,"Yakima, WA",-6202.7,3014.64,"Wisconsin Dells, WI",2133.909089066354
117,-8500.82,3105.14,"Salem, OR",-6050.69,2294.65,"Tuscaloosa, AL",2580.7035972773006
118,-6388.57,3041.59,"Rochester, MN",-6068.67,2926.89,"Waukegan, IL",339.8412864853237
119,-7221.19,2568.27,"Trinidad, CO",-6279.39,2235.23,"Vicksburg, MS",998.9508904846116
120,-6711.93,2179.95,"Waco, TX",-7547.32,2873.69,"Rock Springs, WY",1085.887489429729
121,-8394.41,2666.4,"Sacramento, CA",-5463.38,2636.0,"Staunton, VA",2931.187646825088
122,-8394.41,2666.4,"Sacramento, CA",-6712.64,3446.49,"Winnipeg, MB",1853.8853095593583
123,-8380.61,2622.85,"Stockton, CA",-5975.39,2908.91,"Saint Joseph, MI",2422.171251584
124,-7547.32,2873.69,"Rock Springs, WY",-5041.91,3013.26,"Rutland, VT",2509.2945329315166
125,-5577.4,2768.64,"Wheeling, WV",-7744.91,2678.84,"Richfield, UT",2169.3694107044107
126,-7221.19,2568.27,"Trinidad, CO",-6432.79,3105.85,"Saint Paul, MN",954.2362476871225
127,-8507.06,3404.34,"Vancouver, BC",-6805.92,2032.79,"San Antonio, TX",2185.183448157156
128,-6744.43,2683.68,"Salina, KS",-6012.69,2240.06,"Selma, AL",855.7114770762403
129,-8380.61,2622.85,"Stockton, CA",-5468.21,2891.63,"Warren, PA",2924.7763074122445
130,-7132.05,2806.65,"Sterling, CO",-8270.73,2378.25,"Santa Barbara, CA",1216.6012914673397
131,-5572.57,2839.81,"Youngstown, OH",-8105.59,2356.85,"San Bernardino, CA",2578.6509422564354
132,-8452.47,3288.93,"Seattle, WA",-5618.84,2065.25,"Saint Augustine, FL",3086.5598518901256
133,-6626.97,2498.48,"Tulsa, OK",-6068.67,2926.89,"Waukegan, IL",703.7286537437566
134,-6129.46,2367.2,"Tupelo, MS",-5959.5,2879.91,"South Bend, IN",540.1462262202708
135,-6939.97,2173.73,"San Angelo, TX",-5531.11,1846.22,"West Palm Beach, FL",1446.4263893126404
136,-5572.57,2839.81,"Youngstown, OH",-5223.61,2651.18,"Salisbury, MD",396.6791631785063
137,-6553.01,2747.93,"Saint Joseph, MO",-6584.82,2235.23,"Tyler, TX",513.6858632471793
138,-6506.72,3148.67,"Saint Cloud, MN",-5362.51,2982.15,"Rochester, NY",1156.2635661906847
139,-5246.43,2786.63,"Reading, PA",-5322.42,2687.11,"Washington, DC",125.21465768830726
140,-6156.4,2920.67,"Rockford, IL",-8500.82,3105.14,"Salem, OR",2351.6662852751874
141,-5959.5,2879.91,"South Bend, IN",-5685.17,2603.52,"Williamson, WV",389.4205708485363
142,-7547.32,2873.69,"Rock Springs, WY",-7230.86,3483.78,"Regina, SA",687.2821398086817
143,-5602.95,2216.59,"Savannah, GA",-8452.47,3288.93,"Seattle, WA",3044.614475758794
144,-5685.17,2603.52,"Williamson, WV",-7132.05,2806.65,"Sterling, CO",1461.06931091581
145,-5689.32,2252.5,"Swainsboro, GA",-4961.07,2920.67,"Worcester, MA",988.3315290933504
146,-6729.21,2962.82,"Yankton, SD",-6193.72,3106.52,"Wausau, WI",554.4359567163729
147,-5484.79,3016.03,"Toronto, ON",-7730.4,2816.32,"Salt Lake City, UT",2254.472966393698
148,-6193.72,3106.52,"Wausau, WI",-6129.46,2367.2,"Tupelo, MS",742.1074113630723
149,-6553.01,2747.93,"Saint Joseph, MO",-5618.84,2065.25,"Saint Augustine, FL",1157.0330899762548
150,-8456.6,2861.92,"Weed, CA",-5246.43,2786.63,"Reading, PA",3211.0527888840447
151,-8105.59,2356.85,"San Bernardino, CA",-8313.57,3276.5,"Wenatchee, WA",942.8742243268717
152,-6553.01,2747.93,"Saint Joseph, MO",-5570.49,2788.7,"Steubenville, OH",983.3655186653643
153,-6388.57,3041.59,"Rochester, MN",-8446.23,2776.26,"Red Bluff, CA",2074.6962872912263
154,-6445.93,2571.74,"Springfield, MO",-7547.32,2873.69,"Rock Springs, WY",1142.030531378211
155,-7744.91,2678.84,"Richfield, UT",-7324.14,2662.24,"Salida, CO",421.09731998672186
156,-6626.97,2498.48,"Tulsa, OK",-6772.07,3241.95,"Valley City, ND",757.4969642843458
157,-8405.49,2533.72,"Salinas, CA",-5551.82,2343.71,"Sumter, SC",2859.9888581950804
158,-6805.92,2032.79,"San Antonio, TX",-5799.89,3000.82,"Saginaw, MI",1396.1298083631048
159,-5828.2,3212.26,"Sault Sainte Marie, MI",-7909.38,2940.71,"Twin Falls, ID",2098.8210011575547
160,-6626.97,2498.48,"Tulsa, OK",-5772.25,2877.83,"Toledo, OH",935.1217572594493
161,-5531.11,1846.22,"West Palm Beach, FL",-5351.44,2593.85,"Richmond, VA",768.9160720130643
162,-6725.75,2604.2,"Wichita, KS",-6498.45,2309.87,"Texarkana, TX",371.88094721294885
163,-6610.36,2698.17,"Topeka, KS",-5322.42,2687.11,"Washington, DC",1287.9874872063
164,-7547.32,2873.69,"Rock Springs, WY",-6744.43,2683.68,"Salina, KS",825.0673622195943
165,-7230.86,3483.78,"Regina, SA",-7390.45,3095.47,"Sheridan, WY",419.8257069308648
166,-7132.05,2806.65,"Sterling, CO",-8446.23,2776.26,"Red Bluff, CA",1314.5313326429302
167,-5618.84,2065.25,"Saint Augustine, FL",-4961.07,2920.67,"Worcester, MA",1079.0758774525546
168,-8405.49,2533.72,"Salinas, CA",-4961.07,2920.67,"Worcester, MA",3466.087050104195
169,-5689.32,2252.5,"Swainsboro, GA",-6711.93,2179.95,"Waco, TX",1025.1803327220052
170,-6711.93,2179.95,"Waco, TX",-6188.88,3076.14,"Stevens Point, WI",1037.6597797929726
171,-8405.49,2533.72,"Salinas, CA",-4961.07,2920.67,"Worcester, MA",3466.087050104195
172,-6178.52,3153.51,"Rhinelander, WI",-6805.92,2032.79,"San Antonio, TX",1284.384708099563
173,-6477.72,2246.28,"Shreveport, LA",-5685.17,2603.52,"Williamson, WV",869.3422341632782
174,-6202.7,3014.64,"Wisconsin Dells, WI",-6506.72,3148.67,"Saint Cloud, MN",332.2532186450574
175,-8446.23,2776.26,"Red Bluff, CA",-6178.52,3153.51,"Rhinelander, WI",2298.874987162198
176,-5916.64,3092.7,"Traverse City, MI",-8446.23,2776.26,"Red Bluff, CA",2549.305756809096
177,-5685.17,2603.52,"Williamson, WV",-6068.67,2926.89,"Waukegan, IL",501.63772475761823
178,-6729.21,2962.82,"Yankton, SD",-5484.79,3016.03,"Toronto, ON",1245.557080386122
179,-4976.25,3069.21,"Saint Johnsbury, VT",-5916.64,3092.7,"Traverse City, MI",940.6833325832879
180,-5714.88,2864.02,"Sandusky, OH",-8176.09,3183.22,"Walla Walla, WA",2481.822577079192
181,-8112.52,3293.77,"Spokane, WA",-6584.82,2235.23,"Tyler, TX",1858.594689974122
182,-5351.44,2593.85,"Richmond, VA",-8459.38,3264.08,"Tacoma, WA",3179.3866226836894
183,-8446.23,2776.26,"Red Bluff, CA",-5468.21,2891.63,"Warren, PA",2980.253908193058
184,-6725.75,2604.2,"Wichita, KS",-7730.4,2816.32,"Salt Lake City, UT",1026.7991609365483
185,-5195.3,2832.23,"Stroudsburg, PA",-7324.14,2662.24,"Salida, CO",2135.61615130154
186,-5618.84,2065.25,"Saint Augustine, FL",-5322.42,2687.11,"Washington, DC",688.893806039799
187,-6188.88,3076.14,"Stevens Point, WI",-7230.86,3483.78,"Regina, SA",1118.88010528385
188,-7230.86,3483.78,"Regina, SA",-5799.89,3000.82,"Saginaw, MI",1510.2733204622261
189,-5320.37,2850.2,"Williamsport, PA",-8112.52,3293.77,"Spokane, WA",2827.1639442027417
190,-8405.49,2533.72,"Salinas, CA",-8500.82,3105.14,"Salem, OR",579.3173787312099
191,-4976.25,3069.21,"Saint Johnsbury, VT",-8405.49,2533.72,"Salinas, CA",3470.797677436701
192,-5198.07,2978.71,"Utica, NY",-5509.0,2756.92,"Uniontown, PA",381.92704669871205
193,-5109.61,2958.66,"Schenectady, NY",-6725.75,2604.2,"Wichita, KS",1654.5544388747085
194,-6744.43,2683.68,"Salina, KS",-7132.05,2806.65,"Sterling, CO",406.6581922204445
195,-8380.61,2622.85,"Stockton, CA",-5375.64,2483.28,"Rocky Mount, NC",3008.2095149440643
196,-6744.43,2683.68,"Salina, KS",-6388.57,3041.59,"Rochester, MN",504.71368883754343
197,-8394.41,2666.4,"Sacramento, CA",-5772.25,2877.83,"Toledo, OH",2630.6702017736848
198,-6279.39,2235.23,"Vicksburg, MS",-5320.37,2850.2,"Williamsport, PA",1139.2574166096092
199,-8479.42,2656.02,"Santa Rosa, CA",-7909.38,2940.71,"Twin Falls, ID",637.176582824573
200,-7324.14,2662.24,"Salida, CO",-7744.91,2678.84,"Richfield, UT",421.09731998672186
201,-6712.64,3446.49,"Winnipeg, MB",-5577.4,2768.64,"Wheeling, WV",1322.2142338138708
202,-5570.49,2788.7,"Steubenville, OH",-6626.97,2498.48,"Tulsa, OK",1095.6174691926014
203,-6231.74,2668.46,"Saint Louis, MO",-8394.41,2666.4,"Sacramento, CA",2162.670981101841
204,-7744.91,2678.84,"Richfield, UT",-6729.21,2962.82,"Yankton, SD",1054.6521371523406
205,-8507.06,3404.34,"Vancouver, BC",-5702.45,1889.08,"Sarasota, FL",3187.765693977523
206,-4976.25,3069.21,"Saint Johnsbury, VT",-5246.43,2786.63,"Reading, PA",390.9586791465309
207,-5375.64,2483.28,"Rocky Mount, NC",-5463.38,2636.0,"Staunton, VA",176.12979872809683
208,-6939.97,2173.73,"San Angelo, TX",-5696.92,1931.22,"Tampa, FL",1266.4850581826856
209,-5790.89,2758.28,"Springfield, OH",-6445.93,2571.74,"Springfield, MO",681.083381973162
210,-8452.47,3288.93,"Seattle, WA",-5166.26,2779.7,"Trenton, NJ",3325.43100319342
211,-6047.92,2672.62,"Vincennes, IN",-8176.09,3183.22,"Walla Walla, WA",2188.565719575266
212,-8144.31,2332.65,"Santa Ana, CA",-6584.82,2235.23,"Tyler, TX",1562.5299089937455
213,-6939.97,2173.73,"San Angelo, TX",-7162.46,2893.02,"Scottsbluff, NB",752.9142741375009
214,-6660.11,2935.87,"Sioux City, IA",-6939.97,2173.73,"San Angelo, TX",811.898392164931
215,-8421.36,2580.03,"San Jose, CA",-5484.79,3016.03,"Toronto, ON",2968.7605772274737
216,-6188.88,3076.14,"Stevens Point, WI",-8278.33,2730.66,"Reno, NV",2117.819098247062
217,-8326.72,3219.84,"Yakima, WA",-6805.92,2032.79,"San Antonio, TX",1929.2279135706071
218,-5602.95,2216.59,"Savannah, GA",-6712.64,3446.49,"Winnipeg, MB",1656.52223229874
219,-6805.21,2342.34,"Wichita Falls, TX",-6680.17,2434.22,"Seminole, OK",155.16744503922183
220,-6660.11,2935.87,"Sioux City, IA",-6178.52,3153.51,"Rhinelander, WI",528.4847185113297
222,-5195.3,2832.23,"Stroudsburg, PA",-8326.72,3219.84,"Yakima, WA",3155.3181659699544
223,-7390.45,3095.47,"Sheridan, WY",-8459.38,3264.08,"Tacoma, WA",1082.1463288298855
224,-6441.79,2674.67,"Sedalia, MO",-5246.43,2786.63,"Reading, PA",1200.5917587589877
225,-6047.92,2672.62,"Vincennes, IN",-6725.75,2604.2,"Wichita, KS",681.274397948433
226,-5041.91,3013.26,"Rutland, VT",-5351.44,2593.85,"Richmond, VA",521.2615168991474
227,-5690.01,2157.15,"Waycross, GA",-6553.01,2747.93,"Saint Joseph, MO",1045.8441606663966
228,-5195.3,2832.23,"Stroudsburg, PA",-6744.43,2683.68,"Salina, KS",1556.2361194240418
229,-6610.36,2698.17,"Topeka, KS",-6506.72,3148.67,"Saint Cloud, MN",462.26777910643943
230,-6725.75,2604.2,"Wichita, KS",-6193.72,3106.52,"Wausau, WI",731.697549059719
231,-5484.79,3016.03,"Toronto, ON",-6744.43,2683.68,"Salina, KS",1302.746887196435
232,-6939.97,2173.73,"San Angelo, TX",-5572.57,2839.81,"Youngstown, OH",1521.0014222215577
233,-5320.37,2850.2,"Williamsport, PA",-5975.39,2908.91,"Saint Joseph, MI",657.6458503632488
234,-6477.72,2246.28,"Shreveport, LA",-5261.63,2974.55,"Syracuse, NY",1417.4808926401795
235,-6202.7,3014.64,"Wisconsin Dells, WI",-5570.49,2788.7,"Steubenville, OH",671.3705144702142
236,-6445.93,2571.74,"Springfield, MO",-6188.88,3076.14,"Stevens Point, WI",566.1219502015447
237,-7222.55,2307.8,"Roswell, NM",-6702.97,1990.63,"Victoria, TX",608.7365483524051
238,-8458.67,2610.42,"San Francisco, CA",-5463.38,2636.0,"Staunton, VA",2995.3992255624294
239,-8456.6,2861.92,"Weed, CA",-7730.4,2816.32,"Salt Lake City, UT",727.6302632518806
240,-5375.64,2483.28,"Rocky Mount, NC",-6680.17,2434.22,"Seminole, OK",1305.4521839194263
241,-5865.51,2752.08,"Richmond, IN",-7222.55,2307.8,"Roswell, NM",1427.9153616373765
242,-5362.51,2982.15,"Rochester, NY",-6279.39,2235.23,"Vicksburg, MS",1182.6066213242677
243,-6584.82,2235.23,"Tyler, TX",-6050.69,2294.65,"Tuscaloosa, AL",537.4249652742233
244,-6194.43,2749.99,"Springfield, IL",-5690.01,2157.15,"Waycross, GA",778.3950166849731
245,-6610.36,2698.17,"Topeka, KS",-5613.31,2843.96,"Ravenna, OH",1007.6524334312891
246,-5572.57,2839.81,"Youngstown, OH",-8394.41,2666.4,"Sacramento, CA",2827.1632449683552
247,-5689.32,2252.5,"Swainsboro, GA",-5685.17,2603.52,"Williamson, WV",351.0445312207555
248,-6712.64,3446.49,"Winnipeg, MB",-6683.62,3008.43,"Sioux Falls, SD",439.02018632404594
249,-7744.91,2678.84,"Richfield, UT",-6680.17,2434.22,"Seminole, OK",1092.4789297739337
250,-5015.64,2908.91,"Springfield, MA",-8479.42,2656.02,"Santa Rosa, CA",3472.999458753197
251,-8112.52,3293.77,"Spokane, WA",-7230.86,3483.78,"Regina, SA",901.9025200652238
252,-6477.72,2246.28,"Shreveport, LA",-6772.07,3241.95,"Valley City, ND",1038.2681115203332
254,-5714.88,2864.02,"Sandusky, OH",-8326.72,3219.84,"Yakima, WA",2635.9658681401766
255,-5509.0,2756.92,"Uniontown, PA",-5572.57,2839.81,"Youngstown, OH",104.46002584721077
256,-5772.25,2877.83,"Toledo, OH",-7324.14,2662.24,"Salida, CO",1566.7934197589677
257,-6039.65,2727.21,"Terre Haute, IN",-6441.79,2674.67,"Sedalia, MO",405.55767925166975
258,-6202.7,3014.64,"Wisconsin Dells, WI",-7222.55,2307.8,"Roswell, NM",1240.8532580849358
259,-8176.09,3183.22,"Walla Walla, WA",-6553.01,2747.93,"Saint Joseph, MO",1680.4362738586665
260,-8144.31,2332.65,"Santa Ana, CA",-7132.05,2806.65,"Sterling, CO",1117.741610391239
261,-5245.72,3038.81,"Watertown, NY",-5484.79,3016.03,"Toronto, ON",240.15285403259284
262,-5509.0,2756.92,"Uniontown, PA",-6680.17,2434.22,"Seminole, OK",1214.8145779912259
263,-5823.36,2103.96,"Tallahassee, FL",-5975.39,2908.91,"Saint Joseph, MI",819.1810687509812
264,-6188.88,3076.14,"Stevens Point, WI",-6231.74,2668.46,"Saint Louis, MO",409.9267763881738
265,-7222.55,2307.8,"Roswell, NM",-8456.6,2861.92,"Weed, CA",1352.7484529283338
266,-6626.97,2498.48,"Tulsa, OK",-8094.56,2260.1,"San Diego, CA",1486.8239413259394
267,-8105.59,2356.85,"San Bernardino, CA",-5714.88,2864.02,"Sandusky, OH",2443.9140150586313
268,-5109.61,2958.66,"Schenectady, NY",-6805.21,2342.34,"Wichita Falls, TX",1804.136830287548
269,-6725.75,2604.2,"Wichita, KS",-8500.82,3105.14,"Salem, OR",1844.4008209985159
270,-5618.84,2065.25,"Saint Augustine, FL",-6279.39,2235.23,"Vicksburg, MS",682.0700131951266
271,-5696.92,1931.22,"Tampa, FL",-5799.89,3000.82,"Saginaw, MI",1074.5450111093535
272,-5689.32,2252.5,"Swainsboro, GA",-5198.07,2978.71,"Utica, NY",876.7596743692083
273,-5689.32,2252.5,"Swainsboro, GA",-5696.92,1931.22,"Tampa, FL",321.36987786661024
274,-8313.57,3276.5,"Wenatchee, WA",-5975.39,2908.91,"Saint Joseph, MI",2366.898417866723
275,-8405.49,2533.72,"Salinas, CA",-8105.59,2356.85,"San Bernardino, CA",348.17094493940726
277,-6584.82,2235.23,"Tyler, TX",-5577.4,2768.64,"Wheeling, WV",1139.921613313828
278,-6725.75,2604.2,"Wichita, KS",-6279.39,2235.23,"Vicksburg, MS",579.1166639805831
279,-8405.49,2533.72,"Salinas, CA",-5047.44,2870.91,"Waterbury, CT",3374.9365769744477
280,-6129.46,2367.2,"Tupelo, MS",-6725.75,2604.2,"Wichita, KS",641.662500150975
281,-8458.67,2610.42,"San Francisco, CA",-8479.42,2656.02,"Santa Rosa, CA",50.099126738896274
282,-5916.64,3092.7,"Traverse City, MI",-5544.93,2494.33,"Winston-Salem, NC",704.425284185626
283,-5246.43,2786.63,"Reading, PA",-6231.74,2668.46,"Saint Louis, MO",992.3708706930081
284,-5047.44,2870.91,"Waterbury, CT",-6188.88,3076.14,"Stevens Point, WI",1159.743345098389
285,-6660.11,2935.87,"Sioux City, IA",-7230.86,3483.78,"Regina, SA",791.1769274947294
286,-8446.23,2776.26,"Red Bluff, CA",-6729.21,2962.82,"Yankton, SD",1727.1254482520944
287,-6432.79,3105.85,"Saint Paul, MN",-5602.95,2216.59,"Savannah, GA",1216.3131887799293
288,-8094.56,2260.1,"San Diego, CA",-6156.4,2920.67,"Rockford, IL",2047.6369088537165
289,-5523.51,2575.2,"Roanoke, VA",-6193.72,3106.52,"Wausau, WI",855.2674356597474
290,-5047.44,2870.91,"Waterbury, CT",-5195.3,2832.23,"Stroudsburg, PA",152.83560449057725
291,-8500.82,3105.14,"Salem, OR",-7909.38,2940.71,"Twin Falls, ID",613.8717280507383
292,-8458.67,2610.42,"San Francisco, CA",-5223.61,2651.18,"Salisbury, MD",3235.316766747887
293,-5246.43,2786.63,"Reading, PA",-6050.69,2294.65,"Tuscaloosa, AL",942.8035150549657
294,-8326.72,3219.84,"Yakima, WA",-5714.88,2864.02,"Sandusky, OH",2635.9658681401766
295,-6626.97,2498.48,"Tulsa, OK",-7324.14,2662.24,"Salida, CO",716.1447804040745
296,-8446.23,2776.26,"Red Bluff, CA",-8105.59,2356.85,"San Bernardino, CA",540.3150541119504
297,-5246.43,2786.63,"Reading, PA",-6380.27,2936.57,"Waterloo, IA",1143.7111301373263
298,-6805.92,2032.79,"San Antonio, TX",-5613.31,2843.96,"Ravenna, OH",1442.329844730393
299,-6939.97,2173.73,"San Angelo, TX",-7744.91,2678.84,"Richfield, UT",950.2970670795526
300,-5109.61,2958.66,"Schenectady, NY",-8456.6,2861.92,"Weed, CA",3348.387774392327
301,-6441.79,2674.67,"Sedalia, MO",-7221.19,2568.27,"Trinidad, CO",786.6290866730008
302,-5702.45,1889.08,"Sarasota, FL",-5195.3,2832.23,"Stroudsburg, PA",1070.8562205076832
303,-5613.31,2843.96,"Ravenna, OH",-6156.4,2920.67,"Rockford, IL",548.4807856251658
304,-8421.36,2580.03,"San Jose, CA",-5572.57,2839.81,"Youngstown, OH",2860.6100944553777
305,-7744.91,2678.84,"Richfield, UT",-5577.4,2768.64,"Wheeling, WV",2169.3694107044107
306,-6712.64,3446.49,"Winnipeg, MB",-7320.67,2465.33,"Santa Fe, NM",1154.2856780277573
307,-5613.31,2843.96,"Ravenna, OH",-5246.43,2786.63,"Reading, PA",371.33228152155056
308,-5375.64,2483.28,"Rocky Mount, NC",-8112.52,3293.77,"Spokane, WA",2854.3661598505546
309,-5916.64,3092.7,"Traverse City, MI",-6729.21,2962.82,"Yankton, SD",822.8844507584278
310,-4976.25,3069.21,"Saint Johnsbury, VT",-8500.82,3105.14,"Salem, OR",3524.7531331711725
311,-6506.72,3148.67,"Saint Cloud, MN",-7162.46,2893.02,"Scottsbluff, NB",703.8123827413096
312,-7730.4,2816.32,"Salt Lake City, UT",-7547.32,2873.69,"Rock Springs, WY",191.85828963065413
313,-6188.88,3076.14,"Stevens Point, WI",-7162.46,2893.02,"Scottsbluff, NB",990.6517807988838
314,-6388.57,3041.59,"Rochester, MN",-6729.21,2962.82,"Yankton, SD",349.6288353382773
315,-5375.64,2483.28,"Rocky Mount, NC",-5613.31,2843.96,"Ravenna, OH",431.9457041110606
316,-8452.47,3288.93,"Seattle, WA",-6553.01,2747.93,"Saint Joseph, MO",1975.001086480713
317,-8270.73,2378.25,"Santa Barbara, CA",-7320.67,2465.33,"Santa Fe, NM",954.0424151996592
318,-5828.2,3212.26,"Sault Sainte Marie, MI",-5551.82,2343.71,"Sumter, SC",911.4631132964188
319,-6279.39,2235.23,"Vicksburg, MS",-6498.45,2309.87,"Texarkana, TX",231.42690681940974
320,-8270.73,2378.25,"Santa Barbara, CA",-5544.93,2494.33,"Winston-Salem, NC",2728.2705522729957
321,-5400.52,2707.84,"Winchester, VA",-6047.92,2672.62,"Vincennes, IN",648.3573153747859
322,-5109.61,2958.66,"Schenectady, NY",-7744.91,2678.84,"Richfield, UT",2650.1142093124968
323,-5696.92,1931.22,"Tampa, FL",-5383.92,2365.84,"Wilmington, NC",535.5964380015985
324,-8270.73,2378.25,"Santa Barbara, CA",-5714.88,2864.02,"Sandusky, OH",2601.603681462647
325,-6725.75,2604.2,"Wichita, KS",-5531.11,1846.22,"West Palm Beach, FL",1414.8139135589531
326,-5754.27,2130.2,"Valdosta, GA",-8421.36,2580.03,"San Jose, CA",2704.7580477743295
327,-6178.52,3153.51,"Rhinelander, WI",-6711.93,2179.95,"Waco, TX",1110.1104907620686
328,-5509.0,2756.92,"Uniontown, PA",-7909.38,2940.71,"Twin Falls, ID",2407.405846237813
329,-6805.21,2342.34,"Wichita Falls, TX",-6626.97,2498.48,"Tulsa, OK",236.95821825798717
330,-7547.32,2873.69,"Rock Springs, WY",-6156.4,2920.67,"Rockford, IL",1391.713176915416
331,-6050.69,2294.65,"Tuscaloosa, AL",-5975.39,2908.91,"Saint Joseph, MI",618.8581724434118
332,-6805.92,2032.79,"San Antonio, TX",-5754.27,2130.2,"Valdosta, GA",1056.151708136667
333,-6680.17,2434.22,"Seminole, OK",-6709.88,3102.4,"Watertown, SD",668.8401875635169
334,-6012.69,2240.06,"Selma, AL",-8380.61,2622.85,"Stockton, CA",2398.660732679802
335,-6279.39,2235.23,"Vicksburg, MS",-6744.43,2683.68,"Salina, KS",646.0414879092517
336,-5570.49,2788.7,"Steubenville, OH",-8456.6,2861.92,"Weed, CA",2887.038638553354
337,-6553.01,2747.93,"Saint Joseph, MO",-7221.19,2568.27,"Trinidad, CO",691.9120088566169
338,-7132.05,2806.65,"Sterling, CO",-5772.25,2877.83,"Toledo, OH",1361.6617173145466
339,-6711.93,2179.95,"Waco, TX",-8458.67,2610.42,"San Francisco, CA",1799.0011252080972
340,-5109.61,2958.66,"Schenectady, NY",-8094.56,2260.1,"San Diego, CA",3065.6015031474662
341,-5246.43,2786.63,"Reading, PA",-6445.93,2571.74,"Springfield, MO",1218.5967184019494
342,-5544.93,2494.33,"Winston-Salem, NC",-7667.55,2226.26,"Tucson, AZ",2139.480588670998
343,-5690.01,2157.15,"Waycross, GA",-5468.21,2891.63,"Warren, PA",767.2392784522962
344,-6610.36,2698.17,"Topeka, KS",-6626.97,2498.48,"Tulsa, OK",200.37961024016403
345,-8313.57,3276.5,"Wenatchee, WA",-6050.69,2294.65,"Tuscaloosa, AL",2466.7094107129847
346,-7744.91,2678.84,"Richfield, UT",-8459.38,3264.08,"Tacoma, WA",923.5655030911445
347,-8459.38,3264.08,"Tacoma, WA",-6805.92,2032.79,"San Antonio, TX",2061.5540341451147
348,-6729.21,2962.82,"Yankton, SD",-8278.33,2730.66,"Reno, NV",1566.419816013574
349,-8380.61,2622.85,"Stockton, CA",-6553.01,2747.93,"Saint Joseph, MO",1831.8752049198115
350,-5245.72,3038.81,"Watertown, NY",-6380.27,2936.57,"Waterloo, IA",1139.1473654009828
351,-5015.64,2908.91,"Springfield, MA",-7324.14,2662.24,"Salida, CO",2321.6413028071324
352,-6445.93,2571.74,"Springfield, MO",-7744.91,2678.84,"Richfield, UT",1303.3876823109842
353,-6709.88,3102.4,"Watertown, SD",-6729.21,2962.82,"Yankton, SD",140.91211906716887
354,-6432.79,3105.85,"Saint Paul, MN",-5577.4,2768.64,"Wheeling, WV",919.4577946811918
355,-5322.42,2687.11,"Washington, DC",-5509.0,2756.92,"Uniontown, PA",199.21227999297625
356,-6432.79,3105.85,"Saint Paul, MN",-6712.64,3446.49,"Winnipeg, MB",440.8532999763074
357,-8326.72,3219.84,"Yakima, WA",-6675.33,2324.36,"Sherman, TX",1878.556190934942
358,-8394.41,2666.4,"Sacramento, CA",-5246.43,2786.63,"Reading, PA",3150.275120255372
359,-5714.88,2864.02,"Sandusky, OH",-8479.42,2656.02,"Santa Rosa, CA",2772.353767396939
360,-7667.55,2226.26,"Tucson, AZ",-6553.01,2747.93,"Saint Joseph, MO",1230.58482052234
361,-4976.25,3069.21,"Saint Johnsbury, VT",-5245.72,3038.81,"Watertown, NY",271.1793519057086
362,-5959.5,2879.91,"South Bend, IN",-6626.97,2498.48,"Tulsa, OK",768.7685255003616
363,-6939.97,2173.73,"San Angelo, TX",-8500.82,3105.14,"Salem, OR",1817.6295856416946
364,-5772.25,2877.83,"Toledo, OH",-6675.33,2324.36,"Sherman, TX",1059.189561551661
365,-6441.79,2674.67,"Sedalia, MO",-8380.61,2622.85,"Stockton, CA",1939.5123884110671
366,-8278.33,2730.66,"Reno, NV",-8458.67,2610.42,"San Francisco, CA",216.74910195892394
367,-8144.31,2332.65,"Santa Ana, CA",-5613.31,2843.96,"Ravenna, OH",2582.130693071131
368,-8144.31,2332.65,"Santa Ana, CA",-6047.92,2672.62,"Vincennes, IN",2123.7774443194376
369,-8446.23,2776.26,"Red Bluff, CA",-8405.49,2533.72,"Salinas, CA",245.93779538737064
370,-7159.69,3326.96,"Williston, ND",-8479.42,2656.02,"Santa Rosa, CA",1480.4890261329197
371,-5523.51,2575.2,"Roanoke, VA",-6012.69,2240.06,"Selma, AL",592.9720836599303
372,-6068.67,2926.89,"Waukegan, IL",-5223.61,2651.18,"Salisbury, MD",888.8995487117769
373,-5195.3,2832.23,"Stroudsburg, PA",-5799.89,3000.82,"Saginaw, MI",627.6556828389274
374,-5570.49,2788.7,"Steubenville, OH",-5577.4,2768.64,"Wheeling, WV",21.21677873759341
375,-6188.88,3076.14,"Stevens Point, WI",-6039.65,2727.21,"Terre Haute, IN",379.5019602057413
376,-6711.93,2179.95,"Waco, TX",-5702.45,1889.08,"Sarasota, FL",1050.5499642092236
377,-5772.25,2877.83,"Toledo, OH",-6711.93,2179.95,"Waco, TX",1170.4849408685277
378,-5509.0,2756.92,"Uniontown, PA",-5463.38,2636.0,"Staunton, VA",129.2394320631285
379,-6194.43,2749.99,"Springfield, IL",-6477.72,2246.28,"Shreveport, LA",577.9074218246376
380,-6680.17,2434.22,"Seminole, OK",-7230.86,3483.78,"Regina, SA",1185.2576385326527
381,-6683.62,3008.43,"Sioux Falls, SD",-6279.39,2235.23,"Vicksburg, MS",872.4907637906543
382,-5523.51,2575.2,"Roanoke, VA",-5047.44,2870.91,"Waterbury, CT",560.4346964633797
383,-8456.6,2861.92,"Weed, CA",-5685.17,2603.52,"Williamson, WV",2783.4501621009854
384,-6432.79,3105.85,"Saint Paul, MN",-5509.0,2756.92,"Uniontown, PA",987.4918273079529
385,-5220.18,2746.55,"Wilmington, DE",-6584.82,2235.23,"Tyler, TX",1457.288740092367
386,-5551.82,2343.71,"Sumter, SC",-5570.49,2788.7,"Steubenville, OH",445.3814870422881
387,-7132.05,2806.65,"Sterling, CO",-5790.89,2758.28,"Springfield, OH",1342.0319677638083
388,-6050.69,2294.65,"Tuscaloosa, AL",-6279.39,2235.23,"Vicksburg, MS",236.29309427065434
389,-5383.92,2365.84,"Wilmington, NC",-8479.42,2656.02,"Santa Rosa, CA",3109.0713537003294
390,-6729.21,2962.82,"Yankton, SD",-5261.63,2974.55,"Syracuse, NY",1467.6268767299132
391,-8176.09,3183.22,"Walla Walla, WA",-7667.55,2226.26,"Tucson, AZ",1083.6906261475178
392,-5015.64,2908.91,"Springfield, MA",-8458.67,2610.42,"San Francisco, CA",3455.9444238876295
393,-7667.55,2226.26,"Tucson, AZ",-6711.93,2179.95,"Waco, TX",956.7414491386896
394,-5689.32,2252.5,"Swainsboro, GA",-6380.27,2936.57,"Waterloo, IA",972.2981370958197
395,-5959.5,2879.91,"South Bend, IN",-6725.75,2604.2,"Wichita, KS",814.3433345954272
396,-6432.79,3105.85,"Saint Paul, MN",-5322.42,2687.11,"Washington, DC",1186.703300956056
397,-5484.79,3016.03,"Toronto, ON",-5772.25,2877.83,"Toledo, OH",318.95531285745983
398,-5322.42,2687.11,"Washington, DC",-5696.92,1931.22,"Tampa, FL",843.575688423985
399,-8405.49,2533.72,"Salinas, CA",-8446.23,2776.26,"Red Bluff, CA",245.93779538737064
400,-5047.44,2870.91,"Waterbury, CT",-6675.33,2324.36,"Sherman, TX",1717.190366441648
401,-6584.82,2235.23,"Tyler, TX",-6445.93,2571.74,"Springfield, MO",364.045892986035
402,-5916.64,3092.7,"Traverse City, MI",-6711.93,2179.95,"Waco, TX",1210.6191583648426
403,-6188.88,3076.14,"Stevens Point, WI",-8313.57,3276.5,"Wenatchee, WA",2134.116146253525
404,-8144.31,2332.65,"Santa Ana, CA",-7159.69,3326.96,"Williston, ND",1399.3315977637328
405,-5400.52,2707.84,"Winchester, VA",-5484.79,3016.03,"Toronto, ON",319.50353519170955
406,-5799.89,3000.82,"Saginaw, MI",-5322.42,2687.11,"Washington, DC",571.3068921341667
407,-8144.31,2332.65,"Santa Ana, CA",-5220.18,2746.55,"Wilmington, DE",2953.2777497045554
408,-6683.62,3008.43,"Sioux Falls, SD",-5544.93,2494.33,"Winston-Salem, NC",1249.3653293172495
409,-8313.57,3276.5,"Wenatchee, WA",-6729.21,2962.82,"Yankton, SD",1615.1135415196045
410,-5799.89,3000.82,"Saginaw, MI",-5468.21,2891.63,"Warren, PA",349.19060482779344
411,-5975.39,2908.91,"Saint Joseph, MI",-5618.84,2065.25,"Saint Augustine, FL",915.909437717507
412,-6660.11,2935.87,"Sioux City, IA",-4961.07,2920.67,"Worcester, MA",1699.1079899759168
413,-8459.38,3264.08,"Tacoma, WA",-8105.59,2356.85,"San Bernardino, CA",973.7728877926306
414,-5220.18,2746.55,"Wilmington, DE",-5509.0,2756.92,"Uniontown, PA",289.00610599085934
415,-5322.42,2687.11,"Washington, DC",-6188.88,3076.14,"Stevens Point, WI",949.7880145063949
416,-6380.27,2936.57,"Waterloo, IA",-8270.73,2378.25,"Santa Barbara, CA",1971.182445640179
417,-6279.39,2235.23,"Vicksburg, MS",-5823.36,2103.96,"Tallahassee, FL",474.54733567896113
418,-8176.09,3183.22,"Walla Walla, WA",-8112.52,3293.77,"Spokane, WA",127.52430121353342
419,-6156.4,2920.67,"Rockford, IL",-5799.89,3000.82,"Saginaw, MI",365.40854204574845
420,-6050.69,2294.65,"Tuscaloosa, AL",-6441.79,2674.67,"Sedalia, MO",545.3204657813608
421,-6675.33,2324.36,"Sherman, TX",-8313.57,3276.5,"Wenatchee, WA",1894.8353166436389
422,-8421.36,2580.03,"San Jose, CA",-6683.62,3008.43,"Sioux Falls, SD",1789.767266322636
423,-5916.64,3092.7,"Traverse City, MI",-6477.72,2246.28,"Shreveport, LA",1015.4986867544435
424,-8452.47,3288.93,"Seattle, WA",-6702.97,1990.63,"Victoria, TX",2178.6080739775102
425,-6178.52,3153.51,"Rhinelander, WI",-5463.38,2636.0,"Staunton, VA",882.7467472044293
426,-5383.92,2365.84,"Wilmington, NC",-6805.21,2342.34,"Wichita Falls, TX",1421.4842644574014
427,-4961.07,2920.67,"Worcester, MA",-6506.72,3148.67,"Saint Cloud, MN",1562.3757302582505
428,-8479.42,2656.02,"Santa Rosa, CA",-8270.73,2378.25,"Santa Barbara, CA",347.43012103155394
429,-5613.31,2843.96,"Ravenna, OH",-5772.25,2877.83,"Toledo, OH",162.50877053254655
430,-8500.82,3105.14,"Salem, OR",-6193.72,3106.52,"Wausau, WI",2307.1004127258957
431,-6702.97,1990.63,"Victoria, TX",-6202.7,3014.64,"Wisconsin Dells, WI",1139.6782673193343
432,-8278.33,2730.66,"Reno, NV",-5351.44,2593.85,"Richmond, VA",2930.0856725017447
433,-6553.01,2747.93,"Saint Joseph, MO",-5602.95,2216.59,"Savannah, GA",1088.5477477814193
434,-7222.55,2307.8,"Roswell, NM",-5463.38,2636.0,"Staunton, VA",1789.5234921341491
435,-8380.61,2622.85,"Stockton, CA",-5689.32,2252.5,"Swainsboro, GA",2716.6525332843
436,-6178.52,3153.51,"Rhinelander, WI",-8278.33,2730.66,"Reno, NV",2141.962688423867
437,-5509.0,2756.92,"Uniontown, PA",-5714.88,2864.02,"Sandusky, OH",232.07107618141478
438,-5916.64,3092.7,"Traverse City, MI",-6178.52,3153.51,"Rhinelander, WI",268.8475227708079
439,-6506.72,3148.67,"Saint Cloud, MN",-6432.79,3105.85,"Saint Paul, MN",85.43533987759432
440,-6610.36,2698.17,"Topeka, KS",-7667.55,2226.26,"Tucson, AZ",1157.7347469088077
441,-5916.64,3092.7,"Traverse City, MI",-5544.93,2494.33,"Winston-Salem, NC",704.425284185626
442,-4976.25,3069.21,"Saint Johnsbury, VT",-5195.3,2832.23,"Stroudsburg, PA",322.71105171654733
443,-5828.2,3212.26,"Sault Sainte Marie, MI",-6725.75,2604.2,"Wichita, KS",1084.1277443641043
444,-6725.75,2604.2,"Wichita, KS",-8458.67,2610.42,"San Francisco, CA",1732.931162741325
445,-7222.55,2307.8,"Roswell, NM",-5618.84,2065.25,"Saint Augustine, FL",1621.94829344218
446,-8500.82,3105.14,"Salem, OR",-5261.63,2974.55,"Syracuse, NY",3241.8213405738443
447,-6156.4,2920.67,"Rockford, IL",-8313.57,3276.5,"Wenatchee, WA",2186.3205157981756
448,-5463.38,2636.0,"Staunton, VA",-4961.07,2920.67,"Worcester, MA",577.36673354117
449,-7320.67,2465.33,"Santa Fe, NM",-8459.38,3264.08,"Tacoma, WA",1390.92128698931
450,-5690.01,2157.15,"Waycross, GA",-6129.46,2367.2,"Tupelo, MS",487.07012328821787
451,-5166.26,2779.7,"Trenton, NJ",-6553.01,2747.93,"Saint Joseph, MO",1387.1138725425537
452,-6279.39,2235.23,"Vicksburg, MS",-8270.73,2378.25,"Santa Barbara, CA",1996.4693125615522
453,-7324.14,2662.24,"Salida, CO",-8459.38,3264.08,"Tacoma, WA",1284.9051494954783
454,-4961.07,2920.67,"Worcester, MA",-7744.91,2678.84,"Richfield, UT",2794.3240496585217
455,-8458.67,2610.42,"San Francisco, CA",-5551.82,2343.71,"Sumter, SC",2919.0599765335414
456,-6477.72,2246.28,"Shreveport, LA",-5690.01,2157.15,"Waycross, GA",792.736526848612
457,-8405.49,2533.72,"Salinas, CA",-5531.11,1846.22,"West Palm Beach, FL",2955.4554022011566
458,-5245.72,3038.81,"Watertown, NY",-5754.27,2130.2,"Valdosta, GA",1041.2469613881235
459,-6445.93,2571.74,"Springfield, MO",-6129.46,2367.2,"Tupelo, MS",376.8154355914844
460,-8500.82,3105.14,"Salem, OR",-6068.67,2926.89,"Waukegan, IL",2438.673140254757
461,-5544.93,2494.33,"Winston-Salem, NC",-5109.61,2958.66,"Schenectady, NY",636.4792622701862
462,-7909.38,2940.71,"Twin Falls, ID",-6729.21,2962.82,"Yankton, SD",1180.3770927123248
463,-5551.82,2343.71,"Sumter, SC",-6610.36,2698.17,"Topeka, KS",1116.3103615034665
464,-5690.01,2157.15,"Waycross, GA",-8105.59,2356.85,"San Bernardino, CA",2423.820708385833
465,-5383.92,2365.84,"Wilmington, NC",-5245.72,3038.81,"Watertown, NY",687.013726864318
466,-5531.11,1846.22,"West Palm Beach, FL",-6744.43,2683.68,"Salina, KS",1474.2742872342315
467,-7230.86,3483.78,"Regina, SA",-7730.4,2816.32,"Salt Lake City, UT",833.692427217616
468,-5375.64,2483.28,"Rocky Mount, NC",-5531.11,1846.22,"West Palm Beach, FL",655.7563301257564
469,-6584.82,2235.23,"Tyler, TX",-6279.39,2235.23,"Vicksburg, MS",305.4299999999994
470,-6129.46,2367.2,"Tupelo, MS",-6498.45,2309.87,"Texarkana, TX",373.41712467427067
471,-6506.72,3148.67,"Saint Cloud, MN",-5551.82,2343.71,"Sumter, SC",1248.9173758099457
472,-8459.38,3264.08,"Tacoma, WA",-6194.43,2749.99,"Springfield, IL",2322.5604471358747
473,-5916.64,3092.7,"Traverse City, MI",-5166.26,2779.7,"Trenton, NJ",813.0431380929306
475,-5790.89,2758.28,"Springfield, OH",-6129.46,2367.2,"Tupelo, MS",517.2747928325912
476,-5362.51,2982.15,"Rochester, NY",-5220.18,2746.55,"Wilmington, DE",275.2547708941662
477,-6744.43,2683.68,"Salina, KS",-7324.14,2662.24,"Salida, CO",580.1063330976485
478,-6709.88,3102.4,"Watertown, SD",-5484.79,3016.03,"Toronto, ON",1228.1308094010183
479,-7162.46,2893.02,"Scottsbluff, NB",-6156.4,2920.67,"Rockford, IL",1006.4398869778566
480,-5551.82,2343.71,"Sumter, SC",-5220.18,2746.55,"Wilmington, DE",521.790336437922
481,-5109.61,2958.66,"Schenectady, NY",-7744.91,2678.84,"Richfield, UT",2650.1142093124968
482,-7667.55,2226.26,"Tucson, AZ",-5959.5,2879.91,"South Bend, IN",1828.8502194001564
483,-8507.06,3404.34,"Vancouver, BC",-5246.43,2786.63,"Reading, PA",3318.6252637199027
484,-7159.69,3326.96,"Williston, ND",-8112.52,3293.77,"Spokane, WA",953.4078796611666
485,-6012.69,2240.06,"Selma, AL",-7324.14,2662.24,"Salida, CO",1377.7289482695796
486,-8421.36,2580.03,"San Jose, CA",-8456.6,2861.92,"Weed, CA",284.08419473810915
487,-6772.07,3241.95,"Valley City, ND",-5689.32,2252.5,"Swainsboro, GA",1466.7511257878753
488,-6188.88,3076.14,"Stevens Point, WI",-6477.72,2246.28,"Shreveport, LA",878.690027939318
489,-5916.64,3092.7,"Traverse City, MI",-6729.21,2962.82,"Yankton, SD",822.8844507584278
490,-5689.32,2252.5,"Swainsboro, GA",-6744.43,2683.68,"Salina, KS",1139.8128374869275
491,-5754.27,2130.2,"Valdosta, GA",-5166.26,2779.7,"Trenton, NJ",876.131274467474
492,-5223.61,2651.18,"Salisbury, MD",-5383.92,2365.84,"Wilmington, NC",327.289186653027
493,-5463.38,2636.0,"Staunton, VA",-6039.65,2727.21,"Terre Haute, IN",583.4435508256129
494,-5790.89,2758.28,"Springfield, OH",-5383.92,2365.84,"Wilmington, NC",565.361596237311
495,-8456.6,2861.92,"Weed, CA",-6194.43,2749.99,"Springfield, IL",2264.9374017398363
496,-8459.38,3264.08,"Tacoma, WA",-6477.72,2246.28,"Shreveport, LA",2227.755192026268
497,-5685.17,2603.52,"Williamson, WV",-5166.26,2779.7,"Trenton, NJ",548.0027194275589
498,-5685.17,2603.52,"Williamson, WV",-5198.07,2978.71,"Utica, NY",614.844652005692
499,-6675.33,2324.36,"Sherman, TX",-7324.14,2662.24,"Salida, CO",731.5171293278103
